Date,USD
1/01/2009,0.68645
2/01/2009,0.69734
3/01/2009,0.69734
4/01/2009,0.69734
5/01/2009,0.7078
6/01/2009,0.71191
7/01/2009,0.72195
8/01/2009,0.70347
9/01/2009,0.70642
10/01/2009,0.70642
11/01/2009,0.70642
12/01/2009,0.68765
13/01/2009,0.6673
14/01/2009,0.66635
15/01/2009,0.66026
16/01/2009,0.67666
17/01/2009,0.67666
18/01/2009,0.67666
19/01/2009,0.67159
20/01/2009,0.65761
21/01/2009,0.64754
22/01/2009,0.65579
23/01/2009,0.64504
24/01/2009,0.64504
25/01/2009,0.64504
26/01/2009,0.65696
27/01/2009,0.66254
28/01/2009,0.66919
29/01/2009,0.65746
30/01/2009,0.63714
31/01/2009,0.63714
1/02/2009,0.63714
2/02/2009,0.62801
3/02/2009,0.63884
4/02/2009,0.64071
5/02/2009,0.64885
6/02/2009,0.65935
7/02/2009,0.65935
8/02/2009,0.65935
9/02/2009,0.67549
10/02/2009,0.6684
11/02/2009,0.65525
12/02/2009,0.64669
13/02/2009,0.66084
14/02/2009,0.66084
15/02/2009,0.66084
16/02/2009,0.65055
17/02/2009,0.6397
18/02/2009,0.63855
19/02/2009,0.64831
20/02/2009,0.63765
21/02/2009,0.63765
22/02/2009,0.63765
23/02/2009,0.64649
24/02/2009,0.64469
25/02/2009,0.64999
26/02/2009,0.65248
27/02/2009,0.63566
28/02/2009,0.63566
1/03/2009,0.63566
2/03/2009,0.63395
3/03/2009,0.643
4/03/2009,0.64154
5/03/2009,0.64144
6/03/2009,0.63984
7/03/2009,0.63984
8/03/2009,0.63984
9/03/2009,0.63195
10/03/2009,0.64424
11/03/2009,0.65046
12/03/2009,0.64604
13/03/2009,0.65886
14/03/2009,0.65886
15/03/2009,0.65886
16/03/2009,0.66274
17/03/2009,0.6595
18/03/2009,0.66179
19/03/2009,0.69147
20/03/2009,0.68829
21/03/2009,0.68829
22/03/2009,0.68829
23/03/2009,0.69617
24/03/2009,0.69836
25/03/2009,0.69881
26/03/2009,0.70324
27/03/2009,0.69137
28/03/2009,0.69137
29/03/2009,0.69137
30/03/2009,0.68054
31/03/2009,0.69255
1/04/2009,0.6942
2/04/2009,0.71245
3/04/2009,0.7136
4/04/2009,0.7136
5/04/2009,0.7136
6/04/2009,0.71204
7/04/2009,0.70826
8/04/2009,0.70967
9/04/2009,0.71379
10/04/2009,0.71379
11/04/2009,0.71379
12/04/2009,0.71379
13/04/2009,0.71379
14/04/2009,0.72861
15/04/2009,0.7178
16/04/2009,0.7205
17/04/2009,0.72044
18/04/2009,0.72044
19/04/2009,0.72044
20/04/2009,0.70521
21/04/2009,0.69869
22/04/2009,0.70479
23/04/2009,0.71296
24/04/2009,0.71905
25/04/2009,0.71905
26/04/2009,0.71905
27/04/2009,0.71343
28/04/2009,0.70185
29/04/2009,0.71965
30/04/2009,0.73157
1/05/2009,0.73157
2/05/2009,0.73157
3/05/2009,0.73157
4/05/2009,0.73339
5/05/2009,0.74469
6/05/2009,0.74354
7/05/2009,0.75965
8/05/2009,0.75839
9/05/2009,0.75839
10/05/2009,0.75839
11/05/2009,0.76109
12/05/2009,0.76621
13/05/2009,0.76178
14/05/2009,0.74872
15/05/2009,0.75418
16/05/2009,0.75418
17/05/2009,0.75418
18/05/2009,0.75911
19/05/2009,0.77504
20/05/2009,0.77542
21/05/2009,0.77101
22/05/2009,0.78354
23/05/2009,0.78354
24/05/2009,0.78354
25/05/2009,0.78163
26/05/2009,0.77486
27/05/2009,0.78214
28/05/2009,0.78049
29/05/2009,0.7978
30/05/2009,0.7978
31/05/2009,0.7978
1/06/2009,0.81016
2/06/2009,0.81626
3/06/2009,0.81584
4/06/2009,0.79489
5/06/2009,0.80524
6/06/2009,0.80524
7/06/2009,0.80524
8/06/2009,0.78829
9/06/2009,0.79443
10/06/2009,0.81107
11/06/2009,0.81173
12/06/2009,0.81159
13/06/2009,0.81159
14/06/2009,0.81159
15/06/2009,0.80127
16/06/2009,0.80178
17/06/2009,0.78959
18/06/2009,0.79416
19/06/2009,0.80611
20/06/2009,0.80611
21/06/2009,0.80611
22/06/2009,0.79552
23/06/2009,0.78776
24/06/2009,0.79865
25/06/2009,0.79712
26/06/2009,0.80747
27/06/2009,0.80747
28/06/2009,0.80747
29/06/2009,0.80557
30/06/2009,0.81422
1/07/2009,0.80618
2/07/2009,0.80165
3/07/2009,0.79814
4/07/2009,0.79814
5/07/2009,0.79814
6/07/2009,0.78938
7/07/2009,0.80182
8/07/2009,0.78413
9/07/2009,0.78459
10/07/2009,0.77486
11/07/2009,0.77486
12/07/2009,0.77486
13/07/2009,0.77596
14/07/2009,0.79094
15/07/2009,0.80275
16/07/2009,0.80366
17/07/2009,0.79961
18/07/2009,0.79961
19/07/2009,0.79961
20/07/2009,0.81194
21/07/2009,0.81563
22/07/2009,0.813
23/07/2009,0.81889
24/07/2009,0.81703
25/07/2009,0.81703
26/07/2009,0.81703
27/07/2009,0.82332
28/07/2009,0.83026
29/07/2009,0.81905
30/07/2009,0.82461
31/07/2009,0.82872
1/08/2009,0.82872
2/08/2009,0.82872
3/08/2009,0.84036
4/08/2009,0.84038
5/08/2009,0.84368
6/08/2009,0.84198
7/08/2009,0.83661
8/08/2009,0.83661
9/08/2009,0.83661
10/08/2009,0.8406
11/08/2009,0.83501
12/08/2009,0.82379
13/08/2009,0.84419
14/08/2009,0.84385
15/08/2009,0.84385
16/08/2009,0.84385
17/08/2009,0.81776
18/08/2009,0.82385
19/08/2009,0.81861
20/08/2009,0.83176
21/08/2009,0.83328
22/08/2009,0.83328
23/08/2009,0.83328
24/08/2009,0.84095
25/08/2009,0.83992
26/08/2009,0.83144
27/08/2009,0.83434
28/08/2009,0.84519
29/08/2009,0.84519
30/08/2009,0.84519
31/08/2009,0.83525
1/09/2009,0.83727
2/09/2009,0.831
3/09/2009,0.8414
4/09/2009,0.84316
5/09/2009,0.84316
6/09/2009,0.84316
7/09/2009,0.85562
8/09/2009,0.86303
9/09/2009,0.86256
10/09/2009,0.85735
11/09/2009,0.86314
12/09/2009,0.86314
13/09/2009,0.86314
14/09/2009,0.8584
15/09/2009,0.85876
16/09/2009,0.87104
17/09/2009,0.87244
18/09/2009,0.86837
19/09/2009,0.86837
20/09/2009,0.86837
21/09/2009,0.86137
22/09/2009,0.87342
23/09/2009,0.87442
24/09/2009,0.87488
25/09/2009,0.86538
26/09/2009,0.86538
27/09/2009,0.86538
28/09/2009,0.86656
29/09/2009,0.87172
30/09/2009,0.88232
1/10/2009,0.87907
2/10/2009,0.86334
3/10/2009,0.86334
4/10/2009,0.86334
5/10/2009,0.87453
6/10/2009,0.88826
7/10/2009,0.8899
8/10/2009,0.90316
9/10/2009,0.90557
10/10/2009,0.90557
11/10/2009,0.90557
12/10/2009,0.90644
13/10/2009,0.90961
14/10/2009,0.91149
15/10/2009,0.91674
16/10/2009,0.9171
17/10/2009,0.9171
18/10/2009,0.9171
19/10/2009,0.92052
20/10/2009,0.92866
21/10/2009,0.92247
22/10/2009,0.92393
23/10/2009,0.92516
24/10/2009,0.92516
25/10/2009,0.92516
26/10/2009,0.92408
27/10/2009,0.9182
28/10/2009,0.90556
29/10/2009,0.90858
30/10/2009,0.90943
31/10/2009,0.90943
1/11/2009,0.90943
2/11/2009,0.90498
3/11/2009,0.89651
4/11/2009,0.90686
5/11/2009,0.90863
6/11/2009,0.91543
7/11/2009,0.91543
8/11/2009,0.91543
9/11/2009,0.92832
10/11/2009,0.92697
11/11/2009,0.93206
12/11/2009,0.92903
13/11/2009,0.92815
14/11/2009,0.92815
15/11/2009,0.92815
16/11/2009,0.93508
17/11/2009,0.92835
18/11/2009,0.9333
19/11/2009,0.91787
20/11/2009,0.90895
21/11/2009,0.90895
22/11/2009,0.90895
23/11/2009,0.92327
24/11/2009,0.92094
25/11/2009,0.92898
26/11/2009,0.91695
27/11/2009,0.90374
28/11/2009,0.90374
29/11/2009,0.90374
30/11/2009,0.91314
1/12/2009,0.92168
2/12/2009,0.92793
3/12/2009,0.92898
4/12/2009,0.92675
5/12/2009,0.92675
6/12/2009,0.92675
7/12/2009,0.90879
8/12/2009,0.90934
9/12/2009,0.91037
10/12/2009,0.91639
11/12/2009,0.91795
12/12/2009,0.91795
13/12/2009,0.91795
14/12/2009,0.91139
15/12/2009,0.90609
16/12/2009,0.89993
17/12/2009,0.88564
18/12/2009,0.88741
19/12/2009,0.88741
20/12/2009,0.88741
21/12/2009,0.88631
22/12/2009,0.87822
23/12/2009,0.87744
24/12/2009,0.88364
25/12/2009,0.88364
26/12/2009,0.88364
27/12/2009,0.88364
28/12/2009,0.88799
29/12/2009,0.89819
30/12/2009,0.89411
31/12/2009,0.89993
1/01/2010,0.89993
2/01/2010,0.89993
3/01/2010,0.89993
4/01/2010,0.90582
5/01/2010,0.91585
6/01/2010,0.91535
7/01/2010,0.91628
8/01/2010,0.91435
9/01/2010,0.91435
10/01/2010,0.91435
11/01/2010,0.9317
12/01/2010,0.92424
13/01/2010,0.92587
14/01/2010,0.92913
15/01/2010,0.92455
16/01/2010,0.92455
17/01/2010,0.92455
18/01/2010,0.92637
19/01/2010,0.9188
20/01/2010,0.91363
21/01/2010,0.90953
22/01/2010,0.90268
23/01/2010,0.90268
24/01/2010,0.90268
25/01/2010,0.90508
26/01/2010,0.89753
27/01/2010,0.89882
28/01/2010,0.90101
29/01/2010,0.89302
30/01/2010,0.89302
31/01/2010,0.89302
1/02/2010,0.88348
2/02/2010,0.88125
3/02/2010,0.88737
4/02/2010,0.88052
5/02/2010,0.86531
6/02/2010,0.86531
7/02/2010,0.86531
8/02/2010,0.86743
9/02/2010,0.87482
10/02/2010,0.87516
11/02/2010,0.88813
12/02/2010,0.88325
13/02/2010,0.88325
14/02/2010,0.88325
15/02/2010,0.88911
16/02/2010,0.89625
17/02/2010,0.90356
18/02/2010,0.89759
19/02/2010,0.89111
20/02/2010,0.89111
21/02/2010,0.89111
22/02/2010,0.90161
23/02/2010,0.90093
24/02/2010,0.89178
25/02/2010,0.88825
26/02/2010,0.89042
27/02/2010,0.89042
28/02/2010,0.89042
1/03/2010,0.8954
2/03/2010,0.90356
3/03/2010,0.90242
4/03/2010,0.90224
5/03/2010,0.90288
6/03/2010,0.90288
7/03/2010,0.90288
8/03/2010,0.91263
9/03/2010,0.90755
10/03/2010,0.91619
11/03/2010,0.91559
12/03/2010,0.91822
13/03/2010,0.91822
14/03/2010,0.91822
15/03/2010,0.91233
16/03/2010,0.91456
17/03/2010,0.92335
18/03/2010,0.92167
19/03/2010,0.91994
20/03/2010,0.91994
21/03/2010,0.91994
22/03/2010,0.90928
23/03/2010,0.91704
24/03/2010,0.91013
25/03/2010,0.91361
26/03/2010,0.90357
27/03/2010,0.90357
28/03/2010,0.90357
29/03/2010,0.91428
30/03/2010,0.92027
31/03/2010,0.91439
1/04/2010,0.91713
2/04/2010,0.91713
3/04/2010,0.91713
4/04/2010,0.91713
5/04/2010,0.91713
6/04/2010,0.92253
7/04/2010,0.92575
8/04/2010,0.92372
9/04/2010,0.93087
10/04/2010,0.93087
11/04/2010,0.93087
12/04/2010,0.92825
13/04/2010,0.92742
14/04/2010,0.93362
15/04/2010,0.93323
16/04/2010,0.93223
17/04/2010,0.93223
18/04/2010,0.93223
19/04/2010,0.91843
20/04/2010,0.93148
21/04/2010,0.92952
22/04/2010,0.92696
23/04/2010,0.92028
24/04/2010,0.92028
25/04/2010,0.92028
26/04/2010,0.9292
27/04/2010,0.92324
28/04/2010,0.92345
29/04/2010,0.92881
30/04/2010,0.93164
1/05/2010,0.93164
2/05/2010,0.93164
3/05/2010,0.92645
4/05/2010,0.91576
5/05/2010,0.90695
6/05/2010,0.90423
7/05/2010,0.88853
8/05/2010,0.88853
9/05/2010,0.88853
10/05/2010,0.90623
11/05/2010,0.89423
12/05/2010,0.89698
13/05/2010,0.89869
14/05/2010,0.89133
15/05/2010,0.89133
16/05/2010,0.89133
17/05/2010,0.87937
18/05/2010,0.87657
19/05/2010,0.84761
20/05/2010,0.82668
21/05/2010,0.8257
22/05/2010,0.8257
23/05/2010,0.8257
24/05/2010,0.82797
25/05/2010,0.81232
26/05/2010,0.83281
27/05/2010,0.83824
28/05/2010,0.85207
29/05/2010,0.85207
30/05/2010,0.85207
31/05/2010,0.84433
1/06/2010,0.83282
2/06/2010,0.83451
3/06/2010,0.84788
4/06/2010,0.8396
5/06/2010,0.8396
6/06/2010,0.8396
7/06/2010,0.81872
8/06/2010,0.81912
9/06/2010,0.82965
10/06/2010,0.84172
11/06/2010,0.84798
12/06/2010,0.84798
13/06/2010,0.84798
14/06/2010,0.86145
15/06/2010,0.85714
16/06/2010,0.86088
17/06/2010,0.8657
18/06/2010,0.86827
19/06/2010,0.86827
20/06/2010,0.86827
21/06/2010,0.88305
22/06/2010,0.87482
23/06/2010,0.87264
24/06/2010,0.8648
25/06/2010,0.86462
26/06/2010,0.86462
27/06/2010,0.86462
28/06/2010,0.87393
29/06/2010,0.856
30/06/2010,0.85198
1/07/2010,0.83563
2/07/2010,0.84419
3/07/2010,0.84419
4/07/2010,0.84419
5/07/2010,0.8401
6/07/2010,0.85062
7/07/2010,0.84792
8/07/2010,0.87485
9/07/2010,0.87441
10/07/2010,0.87441
11/07/2010,0.87441
12/07/2010,0.87318
13/07/2010,0.87674
14/07/2010,0.88185
15/07/2010,0.88445
16/07/2010,0.87767
17/07/2010,0.87767
18/07/2010,0.87767
19/07/2010,0.86709
20/07/2010,0.87267
21/07/2010,0.88472
22/07/2010,0.88768
23/07/2010,0.89395
24/07/2010,0.89395
25/07/2010,0.89395
26/07/2010,0.89643
27/07/2010,0.90494
28/07/2010,0.89489
29/07/2010,0.90131
30/07/2010,0.90059
31/07/2010,0.90059
1/08/2010,0.90059
2/08/2010,0.91114
3/08/2010,0.91123
4/08/2010,0.91303
5/08/2010,0.91372
6/08/2010,0.9178
7/08/2010,0.9178
8/08/2010,0.9178
9/08/2010,0.91888
10/08/2010,0.90773
11/08/2010,0.90383
12/08/2010,0.89309
13/08/2010,0.89629
14/08/2010,0.89629
15/08/2010,0.89629
16/08/2010,0.89158
17/08/2010,0.90239
18/08/2010,0.90253
19/08/2010,0.90027
20/08/2010,0.88801
21/08/2010,0.88801
22/08/2010,0.88801
23/08/2010,0.89585
24/08/2010,0.88183
25/08/2010,0.87902
26/08/2010,0.88651
27/08/2010,0.88766
28/08/2010,0.88766
29/08/2010,0.88766
30/08/2010,0.89683
31/08/2010,0.88647
1/09/2010,0.90517
2/09/2010,0.90914
3/09/2010,0.9106
4/09/2010,0.9106
5/09/2010,0.9106
6/09/2010,0.91747
7/09/2010,0.91146
8/09/2010,0.91708
9/09/2010,0.92473
10/09/2010,0.9262
11/09/2010,0.9262
12/09/2010,0.9262
13/09/2010,0.9322
14/09/2010,0.934
15/09/2010,0.93695
16/09/2010,0.93695
17/09/2010,0.94052
18/09/2010,0.94052
19/09/2010,0.94052
20/09/2010,0.94561
21/09/2010,0.94716
22/09/2010,0.95573
23/09/2010,0.94772
24/09/2010,0.95479
25/09/2010,0.95479
26/09/2010,0.95479
27/09/2010,0.96086
28/09/2010,0.96061
29/09/2010,0.97228
30/09/2010,0.97001
1/10/2010,0.97251
2/10/2010,0.97251
3/10/2010,0.97251
4/10/2010,0.96835
5/10/2010,0.96108
6/10/2010,0.97433
7/10/2010,0.98854
8/10/2010,0.97348
9/10/2010,0.97348
10/10/2010,0.97348
11/10/2010,0.98467
12/10/2010,0.98274
13/10/2010,0.98797
14/10/2010,0.99689
15/10/2010,0.99625
16/10/2010,0.99625
17/10/2010,0.99625
18/10/2010,0.98644
19/10/2010,0.97881
20/10/2010,0.97951
21/10/2010,0.98649
22/10/2010,0.98141
23/10/2010,0.98141
24/10/2010,0.98141
25/10/2010,0.99461
26/10/2010,0.98611
27/10/2010,0.97245
28/10/2010,0.97874
29/10/2010,0.97475
30/10/2010,0.97475
31/10/2010,0.97475
1/11/2010,0.98808
2/11/2010,0.99979
3/11/2010,0.99687
4/11/2010,1.0134
5/11/2010,1.0158
6/11/2010,1.0158
7/11/2010,1.0158
8/11/2010,1.0107
9/11/2010,1.016
10/11/2010,1.0003
11/11/2010,1.0013
12/11/2010,0.99104
13/11/2010,0.99104
14/11/2010,0.99104
15/11/2010,0.98582
16/11/2010,0.98112
17/11/2010,0.97681
18/11/2010,0.98805
19/11/2010,0.98353
20/11/2010,0.98353
21/11/2010,0.98353
22/11/2010,0.9877
23/11/2010,0.97875
24/11/2010,0.97851
25/11/2010,0.97985
26/11/2010,0.96427
27/11/2010,0.96427
28/11/2010,0.96427
29/11/2010,0.96223
30/11/2010,0.95609
1/12/2010,0.96328
2/12/2010,0.96628
3/12/2010,0.9806
4/12/2010,0.9806
5/12/2010,0.9806
6/12/2010,0.98707
7/12/2010,0.99583
8/12/2010,0.97923
9/12/2010,0.98377
10/12/2010,0.98843
11/12/2010,0.98843
12/12/2010,0.98843
13/12/2010,0.99081
14/12/2010,1.0001
15/12/2010,0.99434
16/12/2010,0.98991
17/12/2010,0.98749
18/12/2010,0.98749
19/12/2010,0.98749
20/12/2010,0.99358
21/12/2010,0.99788
22/12/2010,0.99764
23/12/2010,1.0011
24/12/2010,1.0036
25/12/2010,1.0036
26/12/2010,1.0036
27/12/2010,1.0018
28/12/2010,1.012
29/12/2010,1.0124
30/12/2010,1.0154
31/12/2010,1.0172
1/01/2011,1.0172
2/01/2011,1.0172
3/01/2011,1.0201
4/01/2011,1.0092
5/01/2011,0.99985
6/01/2011,0.99642
7/01/2011,0.99242
8/01/2011,0.99242
9/01/2011,0.99242
10/01/2011,0.98972
11/01/2011,0.98584
12/01/2011,0.99046
13/01/2011,0.9997
14/01/2011,0.98677
15/01/2011,0.98677
16/01/2011,0.98677
17/01/2011,0.99551
18/01/2011,0.99665
19/01/2011,1.006
20/01/2011,0.99183
21/01/2011,0.98939
22/01/2011,0.98939
23/01/2011,0.98939
24/01/2011,0.99131
25/01/2011,0.99067
26/01/2011,0.99679
27/01/2011,0.99068
28/01/2011,0.99702
29/01/2011,0.99702
30/01/2011,0.99702
31/01/2011,0.99484
1/02/2011,1.0079
2/02/2011,1.0093
3/02/2011,1.012
4/02/2011,1.0168
5/02/2011,1.0168
6/02/2011,1.0168
7/02/2011,1.0148
8/02/2011,1.0132
9/02/2011,1.0101
10/02/2011,1.0033
11/02/2011,0.99852
12/02/2011,0.99852
13/02/2011,0.99852
14/02/2011,1.0007
15/02/2011,1.0005
16/02/2011,1.0002
17/02/2011,1.0046
18/02/2011,1.011
19/02/2011,1.011
20/02/2011,1.011
21/02/2011,1.0109
22/02/2011,1.0023
23/02/2011,1.0029
24/02/2011,1.0067
25/02/2011,1.0136
26/02/2011,1.0136
27/02/2011,1.0136
28/02/2011,1.0171
1/03/2011,1.0186
2/03/2011,1.014
3/03/2011,1.0177
4/03/2011,1.012
5/03/2011,1.012
6/03/2011,1.012
7/03/2011,1.0163
8/03/2011,1.0087
9/03/2011,1.0123
10/03/2011,1.0025
11/03/2011,1.0004
12/03/2011,1.0004
13/03/2011,1.0004
14/03/2011,1.0074
15/03/2011,0.98433
16/03/2011,0.99182
17/03/2011,0.98509
18/03/2011,0.99228
19/03/2011,0.99228
20/03/2011,0.99228
21/03/2011,1.0057
22/03/2011,1.0123
23/03/2011,1.0093
24/03/2011,1.0173
25/03/2011,1.0223
26/03/2011,1.0223
27/03/2011,1.0223
28/03/2011,1.0259
29/03/2011,1.0223
30/03/2011,1.0309
31/03/2011,1.0343
1/04/2011,1.036
2/04/2011,1.036
3/04/2011,1.036
4/04/2011,1.0377
5/04/2011,1.0318
6/04/2011,1.0388
7/04/2011,1.0491
8/04/2011,1.0522
9/04/2011,1.0522
10/04/2011,1.0522
11/04/2011,1.0536
12/04/2011,1.0498
13/04/2011,1.0492
14/04/2011,1.0499
15/04/2011,1.0524
16/04/2011,1.0524
17/04/2011,1.0524
18/04/2011,1.0516
19/04/2011,1.0499
20/04/2011,1.0664
21/04/2011,1.0754
22/04/2011,1.0754
23/04/2011,1.0754
24/04/2011,1.0754
25/04/2011,1.0754
26/04/2011,1.0755
27/04/2011,1.0815
28/04/2011,1.0889
29/04/2011,1.0959
30/04/2011,1.0959
1/05/2011,1.0959
2/05/2011,1.0947
3/05/2011,1.0864
4/05/2011,1.0841
5/05/2011,1.0671
6/05/2011,1.0677
7/05/2011,1.0677
8/05/2011,1.0677
9/05/2011,1.0753
10/05/2011,1.08
11/05/2011,1.0831
12/05/2011,1.0617
13/05/2011,1.0681
14/05/2011,1.0681
15/05/2011,1.0681
16/05/2011,1.0562
17/05/2011,1.0581
18/05/2011,1.0585
19/05/2011,1.0656
20/05/2011,1.0653
21/05/2011,1.0653
22/05/2011,1.0653
23/05/2011,1.0516
24/05/2011,1.0571
25/05/2011,1.05
26/05/2011,1.0587
27/05/2011,1.0689
28/05/2011,1.0689
29/05/2011,1.0689
30/05/2011,1.0691
31/05/2011,1.0652
1/06/2011,1.0744
2/06/2011,1.0661
3/06/2011,1.0659
4/06/2011,1.0659
5/06/2011,1.0659
6/06/2011,1.0735
7/06/2011,1.0697
8/06/2011,1.0604
9/06/2011,1.0597
10/06/2011,1.0617
11/06/2011,1.0617
12/06/2011,1.0617
13/06/2011,1.0567
14/06/2011,1.0645
15/06/2011,1.0676
16/06/2011,1.0495
17/06/2011,1.0618
18/06/2011,1.0618
19/06/2011,1.0618
20/06/2011,1.0523
21/06/2011,1.0593
22/06/2011,1.0596
23/06/2011,1.0509
24/06/2011,1.0554
25/06/2011,1.0554
26/06/2011,1.0554
27/06/2011,1.0441
28/06/2011,1.0463
29/06/2011,1.0618
30/06/2011,1.0718
1/07/2011,1.0714
2/07/2011,1.0714
3/07/2011,1.0714
4/07/2011,1.0724
5/07/2011,1.0691
6/07/2011,1.0669
7/07/2011,1.0732
8/07/2011,1.0764
9/07/2011,1.0764
10/07/2011,1.0764
11/07/2011,1.0674
12/07/2011,1.06
13/07/2011,1.0671
14/07/2011,1.0757
15/07/2011,1.0665
16/07/2011,1.0665
17/07/2011,1.0665
18/07/2011,1.061
19/07/2011,1.0668
20/07/2011,1.0748
21/07/2011,1.0737
22/07/2011,1.0874
23/07/2011,1.0874
24/07/2011,1.0874
25/07/2011,1.0854
26/07/2011,1.0962
27/07/2011,1.1038
28/07/2011,1.1028
29/07/2011,1.0927
30/07/2011,1.0927
31/07/2011,1.0927
1/08/2011,1.1054
2/08/2011,1.0837
3/08/2011,1.0744
4/08/2011,1.0567
5/08/2011,1.0456
6/08/2011,1.0456
7/08/2011,1.0456
8/08/2011,1.0361
9/08/2011,1.0198
10/08/2011,1.0343
11/08/2011,1.0193
12/08/2011,1.0341
13/08/2011,1.0341
14/08/2011,1.0341
15/08/2011,1.0407
16/08/2011,1.0413
17/08/2011,1.0577
18/08/2011,1.0447
19/08/2011,1.0437
20/08/2011,1.0437
21/08/2011,1.0437
22/08/2011,1.0459
23/08/2011,1.0502
24/08/2011,1.0484
25/08/2011,1.049
26/08/2011,1.0492
27/08/2011,1.0492
28/08/2011,1.0492
29/08/2011,1.0616
30/08/2011,1.064
31/08/2011,1.0681
1/09/2011,1.0701
2/09/2011,1.0696
3/09/2011,1.0696
4/09/2011,1.0696
5/09/2011,1.0565
6/09/2011,1.0556
7/09/2011,1.0616
8/09/2011,1.063
9/09/2011,1.0527
10/09/2011,1.0527
11/09/2011,1.0527
12/09/2011,1.0326
13/09/2011,1.0326
14/09/2011,1.0245
15/09/2011,1.0282
16/09/2011,1.0341
17/09/2011,1.0341
18/09/2011,1.0341
19/09/2011,1.0236
20/09/2011,1.0284
21/09/2011,1.0208
22/09/2011,0.98225
23/09/2011,0.97052
24/09/2011,0.97052
25/09/2011,0.97052
26/09/2011,0.97869
27/09/2011,0.99189
28/09/2011,0.98955
29/09/2011,0.98204
30/09/2011,0.97326
1/10/2011,0.97326
2/10/2011,0.97326
3/10/2011,0.96307
4/10/2011,0.94258
5/10/2011,0.9586
6/10/2011,0.96678
7/10/2011,0.97873
8/10/2011,0.97873
9/10/2011,0.97873
10/10/2011,0.99364
11/10/2011,0.99437
12/10/2011,1.0115
13/10/2011,1.0141
14/10/2011,1.0252
15/10/2011,1.0252
16/10/2011,1.0252
17/10/2011,1.0276
18/10/2011,1.0139
19/10/2011,1.0318
20/10/2011,1.0266
21/10/2011,1.0296
22/10/2011,1.0296
23/10/2011,1.0296
24/10/2011,1.0402
25/10/2011,1.0476
26/10/2011,1.0375
27/10/2011,1.0645
28/10/2011,1.0671
29/10/2011,1.0671
30/10/2011,1.0671
31/10/2011,1.0587
1/11/2011,1.0295
2/11/2011,1.038
3/11/2011,1.0422
4/11/2011,1.0371
5/11/2011,1.0371
6/11/2011,1.0371
7/11/2011,1.0335
8/11/2011,1.0337
9/11/2011,1.0227
10/11/2011,1.017
11/11/2011,1.0165
12/11/2011,1.0165
13/11/2011,1.0165
14/11/2011,1.0231
15/11/2011,1.0136
16/11/2011,1.0121
17/11/2011,1.0057
18/11/2011,1.0072
19/11/2011,1.0072
20/11/2011,1.0072
21/11/2011,0.98854
22/11/2011,0.98666
23/11/2011,0.97275
24/11/2011,0.97635
25/11/2011,0.96816
26/11/2011,0.96816
27/11/2011,0.96816
28/11/2011,0.99352
29/11/2011,1.0003
30/11/2011,1.0192
1/12/2011,1.0235
2/12/2011,1.0286
3/12/2011,1.0286
4/12/2011,1.0286
5/12/2011,1.0283
6/12/2011,1.0229
7/12/2011,1.0256
8/12/2011,1.0307
9/12/2011,1.0156
10/12/2011,1.0156
11/12/2011,1.0156
12/12/2011,1.0112
13/12/2011,1.0127
14/12/2011,0.9977
15/12/2011,0.99359
16/12/2011,1.0003
17/12/2011,1.0003
18/12/2011,1.0003
19/12/2011,0.99641
20/12/2011,0.99939
21/12/2011,1.0086
22/12/2011,1.0131
23/12/2011,1.016
24/12/2011,1.016
25/12/2011,1.016
26/12/2011,1.016
27/12/2011,1.0161
28/12/2011,1.0199
29/12/2011,1.007
30/12/2011,1.017
31/12/2011,1.017
1/01/2012,1.017
2/01/2012,1.0216
3/01/2012,1.0333
4/01/2012,1.0315
5/01/2012,1.0273
6/01/2012,1.0244
7/01/2012,1.0244
8/01/2012,1.0244
9/01/2012,1.0209
10/01/2012,1.0347
11/01/2012,1.0289
12/01/2012,1.0352
13/01/2012,1.0329
14/01/2012,1.0329
15/01/2012,1.0329
16/01/2012,1.0309
17/01/2012,1.0416
18/01/2012,1.0395
19/01/2012,1.042
20/01/2012,1.0422
21/01/2012,1.0422
22/01/2012,1.0422
23/01/2012,1.0555
24/01/2012,1.0462
25/01/2012,1.0465
26/01/2012,1.0664
27/01/2012,1.0664
28/01/2012,1.0664
29/01/2012,1.0664
30/01/2012,1.055
31/01/2012,1.0655
1/02/2012,1.0701
2/02/2012,1.0692
3/02/2012,1.069
4/02/2012,1.069
5/02/2012,1.069
6/02/2012,1.0697
7/02/2012,1.0783
8/02/2012,1.0835
9/02/2012,1.0808
10/02/2012,1.0653
11/02/2012,1.0653
12/02/2012,1.0653
13/02/2012,1.0753
14/02/2012,1.0708
15/02/2012,1.0736
16/02/2012,1.0669
17/02/2012,1.076
18/02/2012,1.076
19/02/2012,1.076
20/02/2012,1.0783
21/02/2012,1.0676
22/02/2012,1.0634
23/02/2012,1.07
24/02/2012,1.0716
25/02/2012,1.0716
26/02/2012,1.0716
27/02/2012,1.0683
28/02/2012,1.0775
29/02/2012,1.0829
1/03/2012,1.0776
2/03/2012,1.0777
3/03/2012,1.0777
4/03/2012,1.0777
5/03/2012,1.0701
6/03/2012,1.0592
7/03/2012,1.0561
8/03/2012,1.0644
9/03/2012,1.0625
10/03/2012,1.0625
11/03/2012,1.0625
12/03/2012,1.0497
13/03/2012,1.0493
14/03/2012,1.0471
15/03/2012,1.0511
16/03/2012,1.0577
17/03/2012,1.0577
18/03/2012,1.0577
19/03/2012,1.0561
20/03/2012,1.0486
21/03/2012,1.046
22/03/2012,1.0371
23/03/2012,1.039
24/03/2012,1.039
25/03/2012,1.039
26/03/2012,1.0511
27/03/2012,1.0514
28/03/2012,1.04
29/03/2012,1.0345
30/03/2012,1.0405
31/03/2012,1.0405
1/04/2012,1.0405
2/04/2012,1.0372
3/04/2012,1.0363
4/04/2012,1.0279
5/04/2012,1.0282
6/04/2012,1.0282
7/04/2012,1.0282
8/04/2012,1.0282
9/04/2012,1.0282
10/04/2012,1.0293
11/04/2012,1.0304
12/04/2012,1.0402
13/04/2012,1.0402
14/04/2012,1.0402
15/04/2012,1.0402
16/04/2012,1.0345
17/04/2012,1.037
18/04/2012,1.0368
19/04/2012,1.0343
20/04/2012,1.0356
21/04/2012,1.0356
22/04/2012,1.0356
23/04/2012,1.0283
24/04/2012,1.0302
25/04/2012,1.0341
26/04/2012,1.0376
27/04/2012,1.0434
28/04/2012,1.0434
29/04/2012,1.0434
30/04/2012,1.0418
1/05/2012,1.0418
2/05/2012,1.0325
3/05/2012,1.0283
4/05/2012,1.0235
5/05/2012,1.0235
6/05/2012,1.0235
7/05/2012,1.0188
8/05/2012,1.0152
9/05/2012,1.005
10/05/2012,1.0125
11/05/2012,1.0052
12/05/2012,1.0052
13/05/2012,1.0052
14/05/2012,0.9986
15/05/2012,1.0005
16/05/2012,0.99415
17/05/2012,0.99117
18/05/2012,0.98773
19/05/2012,0.98773
20/05/2012,0.98773
21/05/2012,0.98311
22/05/2012,0.989
23/05/2012,0.9755
24/05/2012,0.97781
25/05/2012,0.97901
26/05/2012,0.97901
27/05/2012,0.97901
28/05/2012,0.98634
29/05/2012,0.9832
30/05/2012,0.97714
31/05/2012,0.97385
1/06/2012,0.96477
2/06/2012,0.96477
3/06/2012,0.96477
4/06/2012,0.97194
5/06/2012,0.97391
6/06/2012,0.9861
7/06/2012,0.99857
8/06/2012,0.98445
9/06/2012,0.98445
10/06/2012,0.98445
11/06/2012,0.9954
12/06/2012,0.99135
13/06/2012,0.99753
14/06/2012,0.99406
15/06/2012,1.0025
16/06/2012,1.0025
17/06/2012,1.0025
18/06/2012,1.0079
19/06/2012,1.0163
20/06/2012,1.0199
21/06/2012,1.0182
22/06/2012,1.0039
23/06/2012,1.0039
24/06/2012,1.0039
25/06/2012,1.0006
26/06/2012,1.0035
27/06/2012,1.0076
28/06/2012,1.0049
29/06/2012,1.0203
30/06/2012,1.0203
1/07/2012,1.0203
2/07/2012,1.0252
3/07/2012,1.0254
4/07/2012,1.0277
5/07/2012,1.0294
6/07/2012,1.0265
7/07/2012,1.0265
8/07/2012,1.0265
9/07/2012,1.0175
10/07/2012,1.0225
11/07/2012,1.0257
12/07/2012,1.0124
13/07/2012,1.0168
14/07/2012,1.0168
15/07/2012,1.0168
16/07/2012,1.0204
17/07/2012,1.0285
18/07/2012,1.0309
19/07/2012,1.0435
20/07/2012,1.0393
21/07/2012,1.0393
22/07/2012,1.0393
23/07/2012,1.0272
24/07/2012,1.0285
25/07/2012,1.029
26/07/2012,1.0399
27/07/2012,1.0432
28/07/2012,1.0432
29/07/2012,1.0432
30/07/2012,1.0495
31/07/2012,1.0522
1/08/2012,1.0519
2/08/2012,1.0537
3/08/2012,1.0512
4/08/2012,1.0512
5/08/2012,1.0512
6/08/2012,1.0556
7/08/2012,1.0592
8/08/2012,1.054
9/08/2012,1.0569
10/08/2012,1.0515
11/08/2012,1.0515
12/08/2012,1.0515
13/08/2012,1.0556
14/08/2012,1.0532
15/08/2012,1.047
16/08/2012,1.0486
17/08/2012,1.0429
18/08/2012,1.0429
19/08/2012,1.0429
20/08/2012,1.0438
21/08/2012,1.0498
22/08/2012,1.0438
23/08/2012,1.0477
24/08/2012,1.0396
25/08/2012,1.0396
26/08/2012,1.0396
27/08/2012,1.0393
28/08/2012,1.0375
29/08/2012,1.0378
30/08/2012,1.0331
31/08/2012,1.0336
1/09/2012,1.0336
2/09/2012,1.0336
3/09/2012,1.0236
4/09/2012,1.0254
5/09/2012,1.0195
6/09/2012,1.0241
7/09/2012,1.0348
8/09/2012,1.0348
9/09/2012,1.0348
10/09/2012,1.0346
11/09/2012,1.0395
12/09/2012,1.0466
13/09/2012,1.0448
14/09/2012,1.059
15/09/2012,1.059
16/09/2012,1.059
17/09/2012,1.0509
18/09/2012,1.0421
19/09/2012,1.0439
20/09/2012,1.0396
21/09/2012,1.0504
22/09/2012,1.0504
23/09/2012,1.0504
24/09/2012,1.0404
25/09/2012,1.0435
26/09/2012,1.0341
27/09/2012,1.0421
28/09/2012,1.0431
29/09/2012,1.0431
30/09/2012,1.0431
1/10/2012,1.0359
2/10/2012,1.0318
3/10/2012,1.0221
4/10/2012,1.0219
5/10/2012,1.0252
6/10/2012,1.0252
7/10/2012,1.0252
8/10/2012,1.0186
9/10/2012,1.0229
10/10/2012,1.0251
11/10/2012,1.0274
12/10/2012,1.025
13/10/2012,1.025
14/10/2012,1.025
15/10/2012,1.0245
16/10/2012,1.0278
17/10/2012,1.0339
18/10/2012,1.0385
19/10/2012,1.0357
20/10/2012,1.0357
21/10/2012,1.0357
22/10/2012,1.0321
23/10/2012,1.0271
24/10/2012,1.0332
25/10/2012,1.0386
26/10/2012,1.0338
27/10/2012,1.0338
28/10/2012,1.0338
29/10/2012,1.0356
30/10/2012,1.0379
31/10/2012,1.0371
1/11/2012,1.0387
2/11/2012,1.0385
3/11/2012,1.0385
4/11/2012,1.0385
5/11/2012,1.0356
6/11/2012,1.0438
7/11/2012,1.0424
8/11/2012,1.0414
9/11/2012,1.0362
10/11/2012,1.0362
11/11/2012,1.0362
12/11/2012,1.0439
13/11/2012,1.0418
14/11/2012,1.0417
15/11/2012,1.0329
16/11/2012,1.0331
17/11/2012,1.0331
18/11/2012,1.0331
19/11/2012,1.039
20/11/2012,1.0388
21/11/2012,1.0362
22/11/2012,1.0381
23/11/2012,1.0416
24/11/2012,1.0416
25/11/2012,1.0416
26/11/2012,1.0441
27/11/2012,1.0476
28/11/2012,1.0447
29/11/2012,1.0452
30/11/2012,1.041
1/12/2012,1.041
2/12/2012,1.041
3/12/2012,1.0431
4/12/2012,1.0476
5/12/2012,1.0466
6/12/2012,1.0495
7/12/2012,1.0477
8/12/2012,1.0477
9/12/2012,1.0477
10/12/2012,1.0497
11/12/2012,1.0494
12/12/2012,1.0552
13/12/2012,1.0554
14/12/2012,1.0525
15/12/2012,1.0525
16/12/2012,1.0525
17/12/2012,1.0533
18/12/2012,1.0532
19/12/2012,1.0501
20/12/2012,1.0486
21/12/2012,1.0432
22/12/2012,1.0432
23/12/2012,1.0432
24/12/2012,1.0396
25/12/2012,1.0396
26/12/2012,1.0396
27/12/2012,1.0379
28/12/2012,1.0387
29/12/2012,1.0387
30/12/2012,1.0387
31/12/2012,1.0379
1/01/2013,1.0379
2/01/2013,1.0495
3/01/2013,1.0506
4/01/2013,1.0415
5/01/2013,1.0415
6/01/2013,1.0415
7/01/2013,1.0498
8/01/2013,1.0497
9/01/2013,1.0513
10/01/2013,1.0572
11/01/2013,1.0568
12/01/2013,1.0568
13/01/2013,1.0568
14/01/2013,1.0561
15/01/2013,1.0533
16/01/2013,1.0543
17/01/2013,1.0531
18/01/2013,1.0513
19/01/2013,1.0513
20/01/2013,1.0513
21/01/2013,1.052
22/01/2013,1.0558
23/01/2013,1.055
24/01/2013,1.048
25/01/2013,1.0427
26/01/2013,1.0427
27/01/2013,1.0427
28/01/2013,1.0398
29/01/2013,1.0446
30/01/2013,1.0419
31/01/2013,1.0416
1/02/2013,1.039
2/02/2013,1.039
3/02/2013,1.039
4/02/2013,1.0433
5/02/2013,1.0389
6/02/2013,1.0311
7/02/2013,1.0313
8/02/2013,1.0334
9/02/2013,1.0334
10/02/2013,1.0334
11/02/2013,1.0278
12/02/2013,1.0253
13/02/2013,1.0341
14/02/2013,1.0348
15/02/2013,1.0333
16/02/2013,1.0333
17/02/2013,1.0333
18/02/2013,1.0314
19/02/2013,1.0344
20/02/2013,1.0316
21/02/2013,1.0254
22/02/2013,1.0331
23/02/2013,1.0331
24/02/2013,1.0331
25/02/2013,1.0316
26/02/2013,1.0246
27/02/2013,1.0199
28/02/2013,1.025
1/03/2013,1.0203
2/03/2013,1.0203
3/03/2013,1.0203
4/03/2013,1.0145
5/03/2013,1.0235
6/03/2013,1.0288
7/03/2013,1.0256
8/03/2013,1.0276
9/03/2013,1.0276
10/03/2013,1.0276
11/03/2013,1.023
12/03/2013,1.0332
13/03/2013,1.0325
14/03/2013,1.0354
15/03/2013,1.0378
16/03/2013,1.0378
17/03/2013,1.0378
18/03/2013,1.0388
19/03/2013,1.0376
20/03/2013,1.0382
21/03/2013,1.0432
22/03/2013,1.0432
23/03/2013,1.0432
24/03/2013,1.0432
25/03/2013,1.0469
26/03/2013,1.0488
27/03/2013,1.0436
28/03/2013,1.0404
29/03/2013,1.0404
30/03/2013,1.0404
31/03/2013,1.0404
1/04/2013,1.0404
2/04/2013,1.0467
3/04/2013,1.0483
4/04/2013,1.043
5/04/2013,1.0418
6/04/2013,1.0418
7/04/2013,1.0418
8/04/2013,1.0416
9/04/2013,1.0475
10/04/2013,1.0529
11/04/2013,1.057
12/04/2013,1.0529
13/04/2013,1.0529
14/04/2013,1.0529
15/04/2013,1.0404
16/04/2013,1.0375
17/04/2013,1.0345
18/04/2013,1.0326
19/04/2013,1.0333
20/04/2013,1.0333
21/04/2013,1.0333
22/04/2013,1.0269
23/04/2013,1.0248
24/04/2013,1.0274
25/04/2013,1.0324
26/04/2013,1.0275
27/04/2013,1.0275
28/04/2013,1.0275
29/04/2013,1.0349
30/04/2013,1.0334
1/05/2013,1.0334
2/05/2013,1.0249
3/05/2013,1.0261
4/05/2013,1.0261
5/05/2013,1.0261
6/05/2013,1.0239
7/05/2013,1.0154
8/05/2013,1.0204
9/05/2013,1.0221
10/05/2013,1.0008
11/05/2013,1.0008
12/05/2013,1.0008
13/05/2013,0.99769
14/05/2013,0.99213
15/05/2013,0.9884
16/05/2013,0.98247
17/05/2013,0.97374
18/05/2013,0.97374
19/05/2013,0.97374
20/05/2013,0.97816
21/05/2013,0.97863
22/05/2013,0.9751
23/05/2013,0.96888
24/05/2013,0.96936
25/05/2013,0.96936
26/05/2013,0.96936
27/05/2013,0.96524
28/05/2013,0.96878
29/05/2013,0.96319
30/05/2013,0.95931
31/05/2013,0.96056
1/06/2013,0.96056
2/06/2013,0.96056
3/06/2013,0.96663
4/06/2013,0.96706
5/06/2013,0.9575
6/06/2013,0.95134
7/06/2013,0.95218
8/06/2013,0.95218
9/06/2013,0.95218
10/06/2013,0.94465
11/06/2013,0.93432
12/06/2013,0.95333
13/06/2013,0.95661
14/06/2013,0.96113
15/06/2013,0.96113
16/06/2013,0.96113
17/06/2013,0.96116
18/06/2013,0.94643
19/06/2013,0.95044
20/06/2013,0.92159
21/06/2013,0.92194
22/06/2013,0.92194
23/06/2013,0.92194
24/06/2013,0.91857
25/06/2013,0.9278
26/06/2013,0.9281
27/06/2013,0.93119
28/06/2013,0.92301
29/06/2013,0.92301
30/06/2013,0.92301
1/07/2013,0.91875
2/07/2013,0.91527
3/07/2013,0.90762
4/07/2013,0.91186
5/07/2013,0.917
6/07/2013,0.917
7/07/2013,0.917
8/07/2013,0.90845
9/07/2013,0.91679
10/07/2013,0.91948
11/07/2013,0.92106
12/07/2013,0.90288
13/07/2013,0.90288
14/07/2013,0.90288
15/07/2013,0.90487
16/07/2013,0.92218
17/07/2013,0.92034
18/07/2013,0.91624
19/07/2013,0.92156
20/07/2013,0.92156
21/07/2013,0.92156
22/07/2013,0.92251
23/07/2013,0.92375
24/07/2013,0.92236
25/07/2013,0.91757
26/07/2013,0.92469
27/07/2013,0.92469
28/07/2013,0.92469
29/07/2013,0.92384
30/07/2013,0.90874
31/07/2013,0.90153
1/08/2013,0.89839
2/08/2013,0.88987
3/08/2013,0.88987
4/08/2013,0.88987
5/08/2013,0.88913
6/08/2013,0.89627
7/08/2013,0.89427
8/08/2013,0.90724
9/08/2013,0.91678
10/08/2013,0.91678
11/08/2013,0.91678
12/08/2013,0.91611
13/08/2013,0.91346
14/08/2013,0.9118
15/08/2013,0.91546
16/08/2013,0.91747
17/08/2013,0.91747
18/08/2013,0.91747
19/08/2013,0.91447
20/08/2013,0.90726
21/08/2013,0.90365
22/08/2013,0.89941
23/08/2013,0.89757
24/08/2013,0.89757
25/08/2013,0.89757
26/08/2013,0.90088
27/08/2013,0.89655
28/08/2013,0.89129
29/08/2013,0.894
30/08/2013,0.89305
31/08/2013,0.89305
1/09/2013,0.89305
2/09/2013,0.89966
3/09/2013,0.90324
4/09/2013,0.91637
5/09/2013,0.91357
6/09/2013,0.9167
7/09/2013,0.9167
8/09/2013,0.9167
9/09/2013,0.92021
10/09/2013,0.9288
11/09/2013,0.92861
12/09/2013,0.92504
13/09/2013,0.92455
14/09/2013,0.92455
15/09/2013,0.92455
16/09/2013,0.93746
17/09/2013,0.93536
18/09/2013,0.93495
19/09/2013,0.94979
20/09/2013,0.94148
21/09/2013,0.94148
22/09/2013,0.94148
23/09/2013,0.94376
24/09/2013,0.93908
25/09/2013,0.93583
26/09/2013,0.93808
27/09/2013,0.93089
28/09/2013,0.93089
29/09/2013,0.93089
30/09/2013,0.93228
1/10/2013,0.94204
2/10/2013,0.93478
3/10/2013,0.93752
4/10/2013,0.94337
5/10/2013,0.94337
6/10/2013,0.94337
7/10/2013,0.94113
8/10/2013,0.94831
9/10/2013,0.94517
10/10/2013,0.94326
11/10/2013,0.94748
12/10/2013,0.94748
13/10/2013,0.94748
14/10/2013,0.94767
15/10/2013,0.95242
16/10/2013,0.95319
17/10/2013,0.96232
18/10/2013,0.9655
19/10/2013,0.9655
20/10/2013,0.9655
21/10/2013,0.96662
22/10/2013,0.96684
23/10/2013,0.96181
24/10/2013,0.96175
25/10/2013,0.9588
26/10/2013,0.9588
27/10/2013,0.9588
28/10/2013,0.95809
29/10/2013,0.94919
30/10/2013,0.95052
31/10/2013,0.95039
1/11/2013,0.94672
2/11/2013,0.94672
3/11/2013,0.94672
4/11/2013,0.95012
5/11/2013,0.95317
6/11/2013,0.95284
7/11/2013,0.94868
8/11/2013,0.94631
9/11/2013,0.94631
10/11/2013,0.94631
11/11/2013,0.93573
12/11/2013,0.93271
13/11/2013,0.93102
14/11/2013,0.92957
15/11/2013,0.9333
16/11/2013,0.9333
17/11/2013,0.9333
18/11/2013,0.94012
19/11/2013,0.9415
20/11/2013,0.9382
21/11/2013,0.9268
22/11/2013,0.91672
23/11/2013,0.91672
24/11/2013,0.91672
25/11/2013,0.91595
26/11/2013,0.91158
27/11/2013,0.90931
28/11/2013,0.9113
29/11/2013,0.91141
30/11/2013,0.91141
1/12/2013,0.91141
2/12/2013,0.91385
3/12/2013,0.91293
4/12/2013,0.90336
5/12/2013,0.90398
6/12/2013,0.9068
7/12/2013,0.9068
8/12/2013,0.9068
9/12/2013,0.90868
10/12/2013,0.91429
11/12/2013,0.91034
12/12/2013,0.90565
13/12/2013,0.89398
14/12/2013,0.89398
15/12/2013,0.89398
16/12/2013,0.89455
17/12/2013,0.89158
18/12/2013,0.89083
19/12/2013,0.88488
20/12/2013,0.8864
21/12/2013,0.8864
22/12/2013,0.8864
23/12/2013,0.89439
24/12/2013,0.89263
25/12/2013,0.89263
26/12/2013,0.89263
27/12/2013,0.89088
28/12/2013,0.89088
29/12/2013,0.89088
30/12/2013,0.88808
31/12/2013,0.89418
1/01/2014,0.89418
2/01/2014,0.8855
3/01/2014,0.89958
4/01/2014,0.89958
5/01/2014,0.89958
6/01/2014,0.89446
7/01/2014,0.89274
8/01/2014,0.89364
9/01/2014,0.88718
10/01/2014,0.89008
11/01/2014,0.89008
12/01/2014,0.89008
13/01/2014,0.90628
14/01/2014,0.8998
15/01/2014,0.89144
16/01/2014,0.87967
17/01/2014,0.87894
18/01/2014,0.87894
19/01/2014,0.87894
20/01/2014,0.8816
21/01/2014,0.87814
22/01/2014,0.88719
23/01/2014,0.87767
24/01/2014,0.87095
25/01/2014,0.87095
26/01/2014,0.87095
27/01/2014,0.8745
28/01/2014,0.87973
29/01/2014,0.87596
30/01/2014,0.87806
31/01/2014,0.8711
1/02/2014,0.8711
2/02/2014,0.8711
3/02/2014,0.87958
4/02/2014,0.8897
5/02/2014,0.89251
6/02/2014,0.89662
7/02/2014,0.89432
8/02/2014,0.89432
9/02/2014,0.89432
10/02/2014,0.89377
11/02/2014,0.90283
12/02/2014,0.9039
13/02/2014,0.89631
14/02/2014,0.9032
15/02/2014,0.9032
16/02/2014,0.9032
17/02/2014,0.90369
18/02/2014,0.90264
19/02/2014,0.90327
20/02/2014,0.89764
21/02/2014,0.89688
22/02/2014,0.89688
23/02/2014,0.89688
24/02/2014,0.89942
25/02/2014,0.90255
26/02/2014,0.89783
27/02/2014,0.89337
28/02/2014,0.89613
1/03/2014,0.89613
2/03/2014,0.89613
3/03/2014,0.89217
4/03/2014,0.89449
5/03/2014,0.89781
6/03/2014,0.90618
7/03/2014,0.91312
8/03/2014,0.91312
9/03/2014,0.91312
10/03/2014,0.90377
11/03/2014,0.90346
12/03/2014,0.89553
13/03/2014,0.90697
14/03/2014,0.90261
15/03/2014,0.90261
16/03/2014,0.90261
17/03/2014,0.90824
18/03/2014,0.91131
19/03/2014,0.91119
20/03/2014,0.90201
21/03/2014,0.90664
22/03/2014,0.90664
23/03/2014,0.90664
24/03/2014,0.91273
25/03/2014,0.91506
26/03/2014,0.92346
27/03/2014,0.92342
28/03/2014,0.92429
29/03/2014,0.92429
30/03/2014,0.92429
31/03/2014,0.92283
1/04/2014,0.92371
2/04/2014,0.92553
3/04/2014,0.92348
4/04/2014,0.92505
5/04/2014,0.92505
6/04/2014,0.92505
7/04/2014,0.9261
8/04/2014,0.9332
9/04/2014,0.93665
10/04/2014,0.94128
11/04/2014,0.93907
12/04/2014,0.93907
13/04/2014,0.93907
14/04/2014,0.94112
15/04/2014,0.93917
16/04/2014,0.93589
17/04/2014,0.93476
18/04/2014,0.93476
19/04/2014,0.93476
20/04/2014,0.93476
21/04/2014,0.93476
22/04/2014,0.93656
23/04/2014,0.92814
24/04/2014,0.92652
25/04/2014,0.92932
26/04/2014,0.92932
27/04/2014,0.92932
28/04/2014,0.92815
29/04/2014,0.92692
30/04/2014,0.92661
1/05/2014,0.92661
2/05/2014,0.92592
3/05/2014,0.92592
4/05/2014,0.92592
5/05/2014,0.92648
6/05/2014,0.9339
7/05/2014,0.93413
8/05/2014,0.93915
9/05/2014,0.93659
10/05/2014,0.93659
11/05/2014,0.93659
12/05/2014,0.93741
13/05/2014,0.93696
14/05/2014,0.93985
15/05/2014,0.93625
16/05/2014,0.93597
17/05/2014,0.93597
18/05/2014,0.93597
19/05/2014,0.93592
20/05/2014,0.926
21/05/2014,0.92287
22/05/2014,0.92358
23/05/2014,0.92207
24/05/2014,0.92207
25/05/2014,0.92207
26/05/2014,0.92372
27/05/2014,0.92543
28/05/2014,0.92289
29/05/2014,0.92927
30/05/2014,0.92976
31/05/2014,0.92976
1/06/2014,0.92976
2/06/2014,0.92504
3/06/2014,0.92628
4/06/2014,0.92732
5/06/2014,0.92874
6/06/2014,0.93355
7/06/2014,0.93355
8/06/2014,0.93355
9/06/2014,0.93558
10/06/2014,0.93699
11/06/2014,0.93952
12/06/2014,0.94055
13/06/2014,0.93895
14/06/2014,0.93895
15/06/2014,0.93895
16/06/2014,0.93803
17/06/2014,0.93624
18/06/2014,0.93377
19/06/2014,0.94074
20/06/2014,0.93996
21/06/2014,0.93996
22/06/2014,0.93996
23/06/2014,0.94384
24/06/2014,0.93982
25/06/2014,0.93645
26/06/2014,0.94094
27/06/2014,0.94191
28/06/2014,0.94191
29/06/2014,0.94191
30/06/2014,0.93953
1/07/2014,0.94537
2/07/2014,0.94525
3/07/2014,0.93774
4/07/2014,0.93523
5/07/2014,0.93523
6/07/2014,0.93523
7/07/2014,0.93596
8/07/2014,0.93983
9/07/2014,0.93904
10/07/2014,0.93691
11/07/2014,0.93998
12/07/2014,0.93998
13/07/2014,0.93998
14/07/2014,0.93979
15/07/2014,0.93741
16/07/2014,0.93453
17/07/2014,0.93754
18/07/2014,0.93878
19/07/2014,0.93878
20/07/2014,0.93878
21/07/2014,0.93829
22/07/2014,0.93827
23/07/2014,0.94504
24/07/2014,0.94395
25/07/2014,0.94058
26/07/2014,0.94058
27/07/2014,0.94058
28/07/2014,0.94102
29/07/2014,0.93889
30/07/2014,0.93648
31/07/2014,0.92936
1/08/2014,0.92821
2/08/2014,0.92821
3/08/2014,0.92821
4/08/2014,0.93157
5/08/2014,0.93157
6/08/2014,0.93133
7/08/2014,0.92743
8/08/2014,0.9285
9/08/2014,0.9285
10/08/2014,0.9285
11/08/2014,0.92682
12/08/2014,0.92642
13/08/2014,0.92939
14/08/2014,0.93166
15/08/2014,0.93218
16/08/2014,0.93218
17/08/2014,0.93218
18/08/2014,0.93196
19/08/2014,0.93398
20/08/2014,0.92928
21/08/2014,0.92852
22/08/2014,0.93115
23/08/2014,0.93115
24/08/2014,0.93115
25/08/2014,0.93122
26/08/2014,0.93184
27/08/2014,0.93441
28/08/2014,0.936
29/08/2014,0.9338
30/08/2014,0.9338
31/08/2014,0.9338
1/09/2014,0.93413
2/09/2014,0.92823
3/09/2014,0.93309
4/09/2014,0.93452
5/09/2014,0.9365
6/09/2014,0.9365
7/09/2014,0.9365
8/09/2014,0.93345
9/09/2014,0.928
10/09/2014,0.91397
11/09/2014,0.91158
12/09/2014,0.90534
13/09/2014,0.90534
14/09/2014,0.90534
15/09/2014,0.90217
16/09/2014,0.903
17/09/2014,0.90589
18/09/2014,0.89451
19/09/2014,0.89742
20/09/2014,0.89742
21/09/2014,0.89742
22/09/2014,0.88702
23/09/2014,0.89027
24/09/2014,0.887
25/09/2014,0.88082
26/09/2014,0.8791
27/09/2014,0.8791
28/09/2014,0.8791
29/09/2014,0.87262
30/09/2014,0.87128
1/10/2014,0.86941
2/10/2014,0.87758
3/10/2014,0.8752
4/10/2014,0.8752
5/10/2014,0.8752
6/10/2014,0.87372
7/10/2014,0.87982
8/10/2014,0.87715
9/10/2014,0.88583
10/10/2014,0.87093
11/10/2014,0.87093
12/10/2014,0.87093
13/10/2014,0.87562
14/10/2014,0.87364
15/10/2014,0.87189
16/10/2014,0.87054
17/10/2014,0.87847
18/10/2014,0.87847
19/10/2014,0.87847
20/10/2014,0.87727
21/10/2014,0.88166
22/10/2014,0.87963
23/10/2014,0.87955
24/10/2014,0.87934
25/10/2014,0.87934
26/10/2014,0.87934
27/10/2014,0.87914
28/10/2014,0.88713
29/10/2014,0.88859
30/10/2014,0.8803
31/10/2014,0.87894
1/11/2014,0.87894
2/11/2014,0.87894
3/11/2014,0.87077
4/11/2014,0.87254
5/11/2014,0.86105
6/11/2014,0.86146
7/11/2014,0.85955
8/11/2014,0.85955
9/11/2014,0.85955
10/11/2014,0.86672
11/11/2014,0.86362
12/11/2014,0.87072
13/11/2014,0.87386
14/11/2014,0.86747
15/11/2014,0.86747
16/11/2014,0.86747
17/11/2014,0.87311
18/11/2014,0.87254
19/11/2014,0.86377
20/11/2014,0.8609
21/11/2014,0.87129
22/11/2014,0.87129
23/11/2014,0.87129
24/11/2014,0.86258
25/11/2014,0.85312
26/11/2014,0.85055
27/11/2014,0.85714
28/11/2014,0.85226
29/11/2014,0.85226
30/11/2014,0.85226
1/12/2014,0.84933
2/12/2014,0.84402
3/12/2014,0.84343
4/12/2014,0.83794
5/12/2014,0.83725
6/12/2014,0.83725
7/12/2014,0.83725
8/12/2014,0.82886
9/12/2014,0.82997
10/12/2014,0.8347
11/12/2014,0.82545
12/12/2014,0.82691
13/12/2014,0.82691
14/12/2014,0.82691
15/12/2014,0.82139
16/12/2014,0.82448
17/12/2014,0.81879
18/12/2014,0.81873
19/12/2014,0.81795
20/12/2014,0.81795
21/12/2014,0.81795
22/12/2014,0.81417
23/12/2014,0.81274
24/12/2014,0.81173
25/12/2014,0.81173
26/12/2014,0.81173
27/12/2014,0.81173
28/12/2014,0.81173
29/12/2014,0.81509
30/12/2014,0.81731
31/12/2014,0.81873
1/01/2015,0.81873
2/01/2015,0.81147
3/01/2015,0.81147
4/01/2015,0.81147
5/01/2015,0.80752
6/01/2015,0.8138
7/01/2015,0.80703
8/01/2015,0.81058
9/01/2015,0.81435
10/01/2015,0.81435
11/01/2015,0.81435
12/01/2015,0.81418
13/01/2015,0.81587
14/01/2015,0.81358
15/01/2015,0.82783
16/01/2015,0.82109
17/01/2015,0.82109
18/01/2015,0.82109
19/01/2015,0.82107
20/01/2015,0.81987
21/01/2015,0.82144
22/01/2015,0.8125
23/01/2015,0.79032
24/01/2015,0.79032
25/01/2015,0.79032
26/01/2015,0.79033
27/01/2015,0.79435
28/01/2015,0.79697
29/01/2015,0.77847
30/01/2015,0.77778
31/01/2015,0.77778
1/02/2015,0.77778
2/02/2015,0.77876
3/02/2015,0.7687
4/02/2015,0.77748
5/02/2015,0.78065
6/02/2015,0.78555
7/02/2015,0.78555
8/02/2015,0.78555
9/02/2015,0.78136
10/02/2015,0.77792
11/02/2015,0.77461
12/02/2015,0.76743
13/02/2015,0.7748
14/02/2015,0.7748
15/02/2015,0.7748
16/02/2015,0.77769
17/02/2015,0.78222
18/02/2015,0.77901
19/02/2015,0.77823
20/02/2015,0.78464
21/02/2015,0.78464
22/02/2015,0.78464
23/02/2015,0.77864
24/02/2015,0.77541
25/02/2015,0.78857
26/02/2015,0.78826
27/02/2015,0.78284
28/02/2015,0.78284
1/03/2015,0.78284
2/03/2015,0.77787
3/03/2015,0.78163
4/03/2015,0.78388
5/03/2015,0.77923
6/03/2015,0.78363
7/03/2015,0.78363
8/03/2015,0.78363
9/03/2015,0.77334
10/03/2015,0.76514
11/03/2015,0.76106
12/03/2015,0.77068
13/03/2015,0.76609
14/03/2015,0.76609
15/03/2015,0.76609
16/03/2015,0.76517
17/03/2015,0.76434
18/03/2015,0.76196
19/03/2015,0.7645
20/03/2015,0.77037
21/03/2015,0.77037
22/03/2015,0.77037
23/03/2015,0.7829
24/03/2015,0.79101
25/03/2015,0.78887
26/03/2015,0.78435
27/03/2015,0.77877
28/03/2015,0.77877
29/03/2015,0.77877
30/03/2015,0.766
31/03/2015,0.76014
1/04/2015,0.75991
2/04/2015,0.75507
3/04/2015,0.75507
4/04/2015,0.75507
5/04/2015,0.75507
6/04/2015,0.75507
7/04/2015,0.7643
8/04/2015,0.77156
9/04/2015,0.77227
10/04/2015,0.76461
11/04/2015,0.76461
12/04/2015,0.76461
13/04/2015,0.75777
14/04/2015,0.75804
15/04/2015,0.75862
16/04/2015,0.77672
17/04/2015,0.78125
18/04/2015,0.78125
19/04/2015,0.78125
20/04/2015,0.77574
21/04/2015,0.77418
22/04/2015,0.7787
23/04/2015,0.77291
24/04/2015,0.7796
25/04/2015,0.7796
26/04/2015,0.7796
27/04/2015,0.78041
28/04/2015,0.79458
29/04/2015,0.79945
30/04/2015,0.79196
1/05/2015,0.79196
2/05/2015,0.79196
3/05/2015,0.79196
4/05/2015,0.78397
5/05/2015,0.78738
6/05/2015,0.80043
7/05/2015,0.79691
8/05/2015,0.79127
9/05/2015,0.79127
10/05/2015,0.79127
11/05/2015,0.78926
12/05/2015,0.79879
13/05/2015,0.80466
14/05/2015,0.81061
15/05/2015,0.80006
16/05/2015,0.80006
17/05/2015,0.80006
18/05/2015,0.80046
19/05/2015,0.79703
20/05/2015,0.79019
21/05/2015,0.7889
22/05/2015,0.78825
23/05/2015,0.78825
24/05/2015,0.78825
25/05/2015,0.78286
26/05/2015,0.77932
27/05/2015,0.77103
28/05/2015,0.76372
29/05/2015,0.7651
30/05/2015,0.7651
31/05/2015,0.7651
1/06/2015,0.76313
2/06/2015,0.769
3/06/2015,0.77746
4/06/2015,0.77418
5/06/2015,0.77185
6/06/2015,0.77185
7/06/2015,0.77185
8/06/2015,0.76374
9/06/2015,0.77016
10/06/2015,0.77407
11/06/2015,0.77286
12/06/2015,0.7706
13/06/2015,0.7706
14/06/2015,0.7706
15/06/2015,0.77547
16/06/2015,0.77441
17/06/2015,0.76759
18/06/2015,0.7827
19/06/2015,0.77438
20/06/2015,0.77438
21/06/2015,0.77438
22/06/2015,0.7762
23/06/2015,0.77067
24/06/2015,0.77475
25/06/2015,0.77406
26/06/2015,0.76563
27/06/2015,0.76563
28/06/2015,0.76563
29/06/2015,0.76642
30/06/2015,0.769
1/07/2015,0.76774
2/07/2015,0.75935
3/07/2015,0.75242
4/07/2015,0.75242
5/07/2015,0.75242
6/07/2015,0.74946
7/07/2015,0.74249
8/07/2015,0.74156
9/07/2015,0.74609
10/07/2015,0.74691
11/07/2015,0.74691
12/07/2015,0.74691
13/07/2015,0.74284
14/07/2015,0.74393
15/07/2015,0.74622
16/07/2015,0.7386
17/07/2015,0.74014
18/07/2015,0.74014
19/07/2015,0.74014
20/07/2015,0.73808
21/07/2015,0.73695
22/07/2015,0.73837
23/07/2015,0.74097
24/07/2015,0.72646
25/07/2015,0.72646
26/07/2015,0.72646
27/07/2015,0.72827
28/07/2015,0.73066
29/07/2015,0.73042
30/07/2015,0.72718
31/07/2015,0.72437
1/08/2015,0.72437
2/08/2015,0.72437
3/08/2015,0.72663
4/08/2015,0.73987
5/08/2015,0.73758
6/08/2015,0.73305
7/08/2015,0.73881
8/08/2015,0.73881
9/08/2015,0.73881
10/08/2015,0.73636
11/08/2015,0.73251
12/08/2015,0.73737
13/08/2015,0.73467
14/08/2015,0.73873
15/08/2015,0.73873
16/08/2015,0.73873
17/08/2015,0.73529
18/08/2015,0.73415
19/08/2015,0.73479
20/08/2015,0.73154
21/08/2015,0.73329
22/08/2015,0.73329
23/08/2015,0.73329
24/08/2015,0.72295
25/08/2015,0.72197
26/08/2015,0.71428
27/08/2015,0.71463
28/08/2015,0.71366
29/08/2015,0.71366
30/08/2015,0.71366
31/08/2015,0.71193
1/09/2015,0.70419
2/09/2015,0.70077
3/09/2015,0.70028
4/09/2015,0.69839
5/09/2015,0.69839
6/09/2015,0.69839
7/09/2015,0.69394
8/09/2015,0.69867
9/09/2015,0.70233
10/09/2015,0.70653
11/09/2015,0.70624
12/09/2015,0.70624
13/09/2015,0.70624
14/09/2015,0.71217
15/09/2015,0.71262
16/09/2015,0.71621
17/09/2015,0.71704
18/09/2015,0.72691
19/09/2015,0.72691
20/09/2015,0.72691
21/09/2015,0.71688
22/09/2015,0.70906
23/09/2015,0.70512
24/09/2015,0.69617
25/09/2015,0.70154
26/09/2015,0.70154
27/09/2015,0.70154
28/09/2015,0.69957
29/09/2015,0.69986
30/09/2015,0.70287
1/10/2015,0.70692
2/10/2015,0.70321
3/10/2015,0.70321
4/10/2015,0.70321
5/10/2015,0.70876
6/10/2015,0.71124
7/10/2015,0.72283
8/10/2015,0.71846
9/10/2015,0.73294
10/10/2015,0.73294
11/10/2015,0.73294
12/10/2015,0.73712
13/10/2015,0.7298
14/10/2015,0.72573
15/10/2015,0.73271
16/10/2015,0.72569
17/10/2015,0.72569
18/10/2015,0.72569
19/10/2015,0.72736
20/10/2015,0.72848
21/10/2015,0.72286
22/10/2015,0.72094
23/10/2015,0.72682
24/10/2015,0.72682
25/10/2015,0.72682
26/10/2015,0.72527
27/10/2015,0.72299
28/10/2015,0.71337
29/10/2015,0.70763
30/10/2015,0.70876
31/10/2015,0.70876
1/11/2015,0.70876
2/11/2015,0.71372
3/11/2015,0.71734
4/11/2015,0.71893
5/11/2015,0.71444
6/11/2015,0.71455
7/11/2015,0.71455
8/11/2015,0.71455
9/11/2015,0.70602
10/11/2015,0.70518
11/11/2015,0.70579
12/11/2015,0.7116
13/11/2015,0.71394
14/11/2015,0.71394
15/11/2015,0.71394
16/11/2015,0.70966
17/11/2015,0.71324
18/11/2015,0.70974
19/11/2015,0.71605
20/11/2015,0.72094
21/11/2015,0.72094
22/11/2015,0.72094
23/11/2015,0.71865
24/11/2015,0.72147
25/11/2015,0.72502
26/11/2015,0.72264
27/11/2015,0.72027
28/11/2015,0.72027
29/11/2015,0.72027
30/11/2015,0.72108
1/12/2015,0.72902
2/12/2015,0.73242
3/12/2015,0.7334
4/12/2015,0.73173
5/12/2015,0.73173
6/12/2015,0.73173
7/12/2015,0.72793
8/12/2015,0.72025
9/12/2015,0.72066
10/12/2015,0.72953
11/12/2015,0.72134
12/12/2015,0.72134
13/12/2015,0.72134
14/12/2015,0.7211
15/12/2015,0.72303
16/12/2015,0.71994
17/12/2015,0.71809
18/12/2015,0.71261
19/12/2015,0.71261
20/12/2015,0.71261
21/12/2015,0.71664
22/12/2015,0.72487
23/12/2015,0.7222
24/12/2015,0.72622
25/12/2015,0.72622
26/12/2015,0.72622
27/12/2015,0.72622
28/12/2015,0.72649
29/12/2015,0.72742
30/12/2015,0.72889
31/12/2015,0.73082
1/01/2016,0.73082
2/01/2016,0.73082
3/01/2016,0.73082
4/01/2016,0.7192
5/01/2016,0.71726
6/01/2016,0.70732
7/01/2016,0.69891
8/01/2016,0.70094
9/01/2016,0.70094
10/01/2016,0.70094
11/01/2016,0.70173
12/01/2016,0.70091
13/01/2016,0.70175
14/01/2016,0.69404
15/01/2016,0.68663
16/01/2016,0.68663
17/01/2016,0.68663
18/01/2016,0.68893
19/01/2016,0.69342
20/01/2016,0.68529
21/01/2016,0.6914
22/01/2016,0.70273
23/01/2016,0.70273
24/01/2016,0.70273
25/01/2016,0.69792
26/01/2016,0.69691
27/01/2016,0.70422
28/01/2016,0.70711
29/01/2016,0.70964
30/01/2016,0.70964
31/01/2016,0.70964
1/02/2016,0.70781
2/02/2016,0.70559
3/02/2016,0.70608
4/02/2016,0.72083
5/02/2016,0.71886
6/02/2016,0.71886
7/02/2016,0.71886
8/02/2016,0.7059
9/02/2016,0.69863
10/02/2016,0.71031
11/02/2016,0.70839
12/02/2016,0.70907
13/02/2016,0.70907
14/02/2016,0.70907
15/02/2016,0.71557
16/02/2016,0.71554
17/02/2016,0.71252
18/02/2016,0.71528
19/02/2016,0.71105
20/02/2016,0.71105
21/02/2016,0.71105
22/02/2016,0.71962
23/02/2016,0.72372
24/02/2016,0.71682
25/02/2016,0.7211
26/02/2016,0.72052
27/02/2016,0.72052
28/02/2016,0.72052
29/02/2016,0.7135
1/03/2016,0.71545
2/03/2016,0.72325
3/03/2016,0.73398
4/03/2016,0.73827
5/03/2016,0.73827
6/03/2016,0.73827
7/03/2016,0.74127
8/03/2016,0.74544
9/03/2016,0.74901
10/03/2016,0.74762
11/03/2016,0.75105
12/03/2016,0.75105
13/03/2016,0.75105
14/03/2016,0.75358
15/03/2016,0.74672
16/03/2016,0.742
17/03/2016,0.76281
18/03/2016,0.76189
19/03/2016,0.76189
20/03/2016,0.76189
21/03/2016,0.76058
22/03/2016,0.76008
23/03/2016,0.75582
24/03/2016,0.75071
25/03/2016,0.75071
26/03/2016,0.75071
27/03/2016,0.75071
28/03/2016,0.75071
29/03/2016,0.75122
30/03/2016,0.7669
31/03/2016,0.76889
1/04/2016,0.76807
2/04/2016,0.76807
3/04/2016,0.76807
4/04/2016,0.76289
5/04/2016,0.75353
6/04/2016,0.75428
7/04/2016,0.75298
8/04/2016,0.75297
9/04/2016,0.75297
10/04/2016,0.75297
11/04/2016,0.75631
12/04/2016,0.76576
13/04/2016,0.76503
14/04/2016,0.77016
15/04/2016,0.77034
16/04/2016,0.77034
17/04/2016,0.77034
18/04/2016,0.7699
19/04/2016,0.77975
20/04/2016,0.78174
21/04/2016,0.78332
22/04/2016,0.77303
23/04/2016,0.77303
24/04/2016,0.77303
25/04/2016,0.77219
26/04/2016,0.77308
27/04/2016,0.75936
28/04/2016,0.76198
29/04/2016,0.76284
30/04/2016,0.76284
1/05/2016,0.76284
2/05/2016,0.76493
3/05/2016,0.756
4/05/2016,0.7481
5/05/2016,0.74931
6/05/2016,0.73718
7/05/2016,0.73718
8/05/2016,0.73718
9/05/2016,0.73308
10/05/2016,0.73453
11/05/2016,0.7373
12/05/2016,0.73284
13/05/2016,0.72842
14/05/2016,0.72842
15/05/2016,0.72842
16/05/2016,0.72936
17/05/2016,0.73222
18/05/2016,0.72669
19/05/2016,0.71946
20/05/2016,0.72292
21/05/2016,0.72292
22/05/2016,0.72292
23/05/2016,0.72159
24/05/2016,0.71604
25/05/2016,0.72026
26/05/2016,0.7214
27/05/2016,0.72131
28/05/2016,0.72131
29/05/2016,0.72131
30/05/2016,0.71846
31/05/2016,0.72589
1/06/2016,0.727
2/06/2016,0.72106
3/06/2016,0.72443
4/06/2016,0.72443
5/06/2016,0.72443
6/06/2016,0.73614
7/06/2016,0.74364
8/06/2016,0.74718
9/06/2016,0.7438
10/06/2016,0.74008
11/06/2016,0.74008
12/06/2016,0.74008
13/06/2016,0.73995
14/06/2016,0.73476
15/06/2016,0.7394
16/06/2016,0.73455
17/06/2016,0.73874
18/06/2016,0.73874
19/06/2016,0.73874
20/06/2016,0.74612
21/06/2016,0.75061
22/06/2016,0.75055
23/06/2016,0.75624
24/06/2016,0.74219
25/06/2016,0.74219
26/06/2016,0.74219
27/06/2016,0.74026
28/06/2016,0.73899
29/06/2016,0.74375
30/06/2016,0.74365
1/07/2016,0.74812
2/07/2016,0.74812
3/07/2016,0.74812
4/07/2016,0.75297
5/07/2016,0.74795
6/07/2016,0.7473
7/07/2016,0.75185
8/07/2016,0.75148
9/07/2016,0.75148
10/07/2016,0.75148
11/07/2016,0.7559
12/07/2016,0.76328
13/07/2016,0.76269
14/07/2016,0.76481
15/07/2016,0.76544
16/07/2016,0.76544
17/07/2016,0.76544
18/07/2016,0.75929
19/07/2016,0.7493
20/07/2016,0.74857
21/07/2016,0.74881
22/07/2016,0.74839
23/07/2016,0.74839
24/07/2016,0.74839
25/07/2016,0.74881
26/07/2016,0.75327
27/07/2016,0.74692
28/07/2016,0.75263
29/07/2016,0.75179
30/07/2016,0.75179
31/07/2016,0.75179
1/08/2016,0.75683
2/08/2016,0.76055
3/08/2016,0.75932
4/08/2016,0.76253
5/08/2016,0.76584
6/08/2016,0.76584
7/08/2016,0.76584
8/08/2016,0.76357
9/08/2016,0.76595
10/08/2016,0.77398
11/08/2016,0.7713
12/08/2016,0.76766
13/08/2016,0.76766
14/08/2016,0.76766
15/08/2016,0.76696
16/08/2016,0.77352
17/08/2016,0.76292
18/08/2016,0.76669
19/08/2016,0.76131
20/08/2016,0.76131
21/08/2016,0.76131
22/08/2016,0.76104
23/08/2016,0.76496
24/08/2016,0.76228
25/08/2016,0.76078
26/08/2016,0.76434
27/08/2016,0.76434
28/08/2016,0.76434
29/08/2016,0.75524
30/08/2016,0.75526
31/08/2016,0.75186
1/09/2016,0.75306
2/09/2016,0.75577
3/09/2016,0.75577
4/09/2016,0.75577
5/09/2016,0.75912
6/09/2016,0.76301
7/09/2016,0.76771
8/09/2016,0.77201
9/09/2016,0.7595
10/09/2016,0.7595
11/09/2016,0.7595
12/09/2016,0.75191
13/09/2016,0.75291
14/09/2016,0.74677
15/09/2016,0.74842
16/09/2016,0.75095
17/09/2016,0.75095
18/09/2016,0.75095
19/09/2016,0.7548
20/09/2016,0.75506
21/09/2016,0.76031
22/09/2016,0.76584
23/09/2016,0.76364
24/09/2016,0.76364
25/09/2016,0.76364
26/09/2016,0.76347
27/09/2016,0.7653
28/09/2016,0.76689
29/09/2016,0.76636
30/09/2016,0.76148
1/10/2016,0.76148
2/10/2016,0.76148
3/10/2016,0.76759
4/10/2016,0.76634
5/10/2016,0.76151
6/10/2016,0.75769
7/10/2016,0.75803
8/10/2016,0.75803
9/10/2016,0.75803
10/10/2016,0.7597
11/10/2016,0.75475
12/10/2016,0.75723
13/10/2016,0.75582
14/10/2016,0.76292
15/10/2016,0.76292
16/10/2016,0.76292
17/10/2016,0.76157
18/10/2016,0.76702
19/10/2016,0.76787
20/10/2016,0.76708
21/10/2016,0.76297
22/10/2016,0.76297
23/10/2016,0.76297
24/10/2016,0.76257
25/10/2016,0.76407
26/10/2016,0.76828
27/10/2016,0.76205
28/10/2016,0.75721
29/10/2016,0.75721
30/10/2016,0.75721
31/10/2016,0.7603
1/11/2016,0.76877
2/11/2016,0.76628
3/11/2016,0.76652
4/11/2016,0.76832
5/11/2016,0.76832
6/11/2016,0.76832
7/11/2016,0.76835
8/11/2016,0.77016
9/11/2016,0.76883
10/11/2016,0.75997
11/11/2016,0.7605
12/11/2016,0.7605
13/11/2016,0.7605
14/11/2016,0.7549
15/11/2016,0.75597
16/11/2016,0.74667
17/11/2016,0.74636
18/11/2016,0.73936
19/11/2016,0.73936
20/11/2016,0.73936
21/11/2016,0.73704
22/11/2016,0.73976
23/11/2016,0.74171
24/11/2016,0.73897
25/11/2016,0.74434
26/11/2016,0.74434
27/11/2016,0.74434
28/11/2016,0.74595
29/11/2016,0.74426
30/11/2016,0.74417
1/12/2016,0.73912
2/12/2016,0.74248
3/12/2016,0.74248
4/12/2016,0.74248
5/12/2016,0.74366
6/12/2016,0.74568
7/12/2016,0.74473
8/12/2016,0.74705
9/12/2016,0.74669
10/12/2016,0.74669
11/12/2016,0.74669
12/12/2016,0.74757
13/12/2016,0.74956
14/12/2016,0.75079
15/12/2016,0.73846
16/12/2016,0.73313
17/12/2016,0.73313
18/12/2016,0.73313
19/12/2016,0.72622
20/12/2016,0.72374
21/12/2016,0.72661
22/12/2016,0.72177
23/12/2016,0.71715
24/12/2016,0.71715
25/12/2016,0.71715
26/12/2016,0.71715
27/12/2016,0.71876
28/12/2016,0.71771
29/12/2016,0.72065
30/12/2016,0.72218
31/12/2016,0.72218
1/01/2017,0.72218
2/01/2017,0.71806
3/01/2017,0.72183
4/01/2017,0.72615
5/01/2017,0.72919
6/01/2017,0.73367
7/01/2017,0.73367
8/01/2017,0.73367
9/01/2017,0.73246
10/01/2017,0.73382
11/01/2017,0.73752
12/01/2017,0.75178
13/01/2017,0.74946
14/01/2017,0.74946
15/01/2017,0.74946
16/01/2017,0.74753
17/01/2017,0.75441
18/01/2017,0.75481
19/01/2017,0.7559
20/01/2017,0.75324
21/01/2017,0.75324
22/01/2017,0.75324
23/01/2017,0.75687
24/01/2017,0.75701
25/01/2017,0.75586
26/01/2017,0.75326
27/01/2017,0.75383
28/01/2017,0.75383
29/01/2017,0.75383
30/01/2017,0.75342
31/01/2017,0.7575
1/02/2017,0.75852
2/02/2017,0.76871
3/02/2017,0.7641
4/02/2017,0.7641
5/02/2017,0.7641
6/02/2017,0.76482
7/02/2017,0.76174
8/02/2017,0.76397
9/02/2017,0.76563
10/02/2017,0.7644
11/02/2017,0.7644
12/02/2017,0.7644
13/02/2017,0.7665
14/02/2017,0.76906
15/02/2017,0.76702
16/02/2017,0.77144
17/02/2017,0.76663
18/02/2017,0.76663
19/02/2017,0.76663
20/02/2017,0.76733
21/02/2017,0.76566
22/02/2017,0.76799
23/02/2017,0.77226
24/02/2017,0.76788
25/02/2017,0.76788
26/02/2017,0.76788
27/02/2017,0.7674
28/02/2017,0.76751
1/03/2017,0.76592
2/03/2017,0.75968
3/03/2017,0.75702
4/03/2017,0.75702
5/03/2017,0.75702
6/03/2017,0.75999
7/03/2017,0.75977
8/03/2017,0.75573
9/03/2017,0.75128
10/03/2017,0.75247
11/03/2017,0.75247
12/03/2017,0.75247
13/03/2017,0.75742
14/03/2017,0.75542
15/03/2017,0.75915
16/03/2017,0.76916
17/03/2017,0.77023
18/03/2017,0.77023
19/03/2017,0.77023
20/03/2017,0.7723
21/03/2017,0.77328
22/03/2017,0.76722
23/03/2017,0.76323
24/03/2017,0.76188
25/03/2017,0.76188
26/03/2017,0.76188
27/03/2017,0.76355
28/03/2017,0.76038
29/03/2017,0.76444
30/03/2017,0.76759
31/03/2017,0.76463
1/04/2017,0.76463
2/04/2017,0.76463
3/04/2017,0.76085
4/04/2017,0.75491
5/04/2017,0.75811
6/04/2017,0.75629
7/04/2017,0.75267
8/04/2017,0.75267
9/04/2017,0.75267
10/04/2017,0.74915
11/04/2017,0.75094
12/04/2017,0.74878
13/04/2017,0.75782
14/04/2017,0.75782
15/04/2017,0.75782
16/04/2017,0.75782
17/04/2017,0.75782
18/04/2017,0.75465
19/04/2017,0.75237
20/04/2017,0.75256
21/04/2017,0.75237
22/04/2017,0.75237
23/04/2017,0.75237
24/04/2017,0.75701
25/04/2017,0.75349
26/04/2017,0.7482
27/04/2017,0.7465
28/04/2017,0.74715
29/04/2017,0.74715
30/04/2017,0.74715
1/05/2017,0.74715
2/05/2017,0.75183
3/05/2017,0.74711
4/05/2017,0.73966
5/05/2017,0.73901
6/05/2017,0.73901
7/05/2017,0.73901
8/05/2017,0.7395
9/05/2017,0.73523
10/05/2017,0.73826
11/05/2017,0.73692
12/05/2017,0.73831
13/05/2017,0.73831
14/05/2017,0.73831
15/05/2017,0.74432
16/05/2017,0.74122
17/05/2017,0.74044
18/05/2017,0.74407
19/05/2017,0.74373
20/05/2017,0.74373
21/05/2017,0.74373
22/05/2017,0.74709
23/05/2017,0.75072
24/05/2017,0.7477
25/05/2017,0.74651
26/05/2017,0.74451
27/05/2017,0.74451
28/05/2017,0.74451
29/05/2017,0.74364
30/05/2017,0.74526
31/05/2017,0.74538
1/06/2017,0.73897
2/06/2017,0.73927
3/06/2017,0.73927
4/06/2017,0.73927
5/06/2017,0.74794
6/06/2017,0.74854
7/06/2017,0.75561
8/06/2017,0.75393
9/06/2017,0.75325
10/06/2017,0.75325
11/06/2017,0.75325
12/06/2017,0.75435
13/06/2017,0.75383
14/06/2017,0.75809
15/06/2017,0.75846
16/06/2017,0.76054
17/06/2017,0.76054
18/06/2017,0.76054
19/06/2017,0.76158
20/06/2017,0.76026
21/06/2017,0.75634
22/06/2017,0.75405
23/06/2017,0.75677
24/06/2017,0.75677
25/06/2017,0.75677
26/06/2017,0.75736
27/06/2017,0.76105
28/06/2017,0.75904
29/06/2017,0.76762
30/06/2017,0.76843
1/07/2017,0.76843
2/07/2017,0.76843
3/07/2017,0.76569
4/07/2017,0.76082
5/07/2017,0.75952
6/07/2017,0.7586
7/07/2017,0.7605
8/07/2017,0.7605
9/07/2017,0.7605
10/07/2017,0.75918
11/07/2017,0.76094
12/07/2017,0.765
13/07/2017,0.77299
14/07/2017,0.776
15/07/2017,0.776
16/07/2017,0.776
17/07/2017,0.78308
18/07/2017,0.79334
19/07/2017,0.79363
20/07/2017,0.79152
21/07/2017,0.79203
22/07/2017,0.79203
23/07/2017,0.79203
24/07/2017,0.79449
25/07/2017,0.79589
26/07/2017,0.79119
27/07/2017,0.80003
28/07/2017,0.79616
29/07/2017,0.79616
30/07/2017,0.79616
31/07/2017,0.79705
1/08/2017,0.79741
2/08/2017,0.79673
3/08/2017,0.79368
4/08/2017,0.79715
5/08/2017,0.79715
6/08/2017,0.79715
7/08/2017,0.79127
8/08/2017,0.79384
9/08/2017,0.78843
10/08/2017,0.78802
11/08/2017,0.78633
12/08/2017,0.78633
13/08/2017,0.78633
14/08/2017,0.7872
15/08/2017,0.78398
16/08/2017,0.78575
17/08/2017,0.79269
18/08/2017,0.79164
19/08/2017,0.79164
20/08/2017,0.79164
21/08/2017,0.793
22/08/2017,0.79069
23/08/2017,0.78997
24/08/2017,0.78965
25/08/2017,0.79147
26/08/2017,0.79147
27/08/2017,0.79147
28/08/2017,0.79458
29/08/2017,0.7973
30/08/2017,0.79355
31/08/2017,0.78749
1/09/2017,0.79356
2/09/2017,0.79356
3/09/2017,0.79356
4/09/2017,0.79579
5/09/2017,0.79788
6/09/2017,0.79747
7/09/2017,0.80202
8/09/2017,0.81043
9/09/2017,0.81043
10/09/2017,0.81043
11/09/2017,0.80436
12/09/2017,0.80373
13/09/2017,0.80347
14/09/2017,0.79888
15/09/2017,0.80229
16/09/2017,0.80229
17/09/2017,0.80229
18/09/2017,0.79936
19/09/2017,0.79979
20/09/2017,0.80633
21/09/2017,0.79356
22/09/2017,0.79682
23/09/2017,0.79682
24/09/2017,0.79682
25/09/2017,0.79554
26/09/2017,0.78874
27/09/2017,0.78514
28/09/2017,0.78238
29/09/2017,0.78315
30/09/2017,0.78315
1/10/2017,0.78315
2/10/2017,0.78106
3/10/2017,0.7815
4/10/2017,0.78653
5/10/2017,0.78202
6/10/2017,0.77736
7/10/2017,0.77736
8/10/2017,0.77736
9/10/2017,0.77572
10/10/2017,0.77842
11/10/2017,0.77901
12/10/2017,0.78129
13/10/2017,0.78316
14/10/2017,0.78316
15/10/2017,0.78316
16/10/2017,0.78708
17/10/2017,0.78425
18/10/2017,0.7828
19/10/2017,0.7872
20/10/2017,0.78499
21/10/2017,0.78499
22/10/2017,0.78499
23/10/2017,0.78173
24/10/2017,0.778
25/10/2017,0.77117
26/10/2017,0.77079
27/10/2017,0.76369
28/10/2017,0.76369
29/10/2017,0.76369
30/10/2017,0.76657
31/10/2017,0.76515
1/11/2017,0.76718
2/11/2017,0.77032
3/11/2017,0.76772
4/11/2017,0.76772
5/11/2017,0.76772
6/11/2017,0.76653
7/11/2017,0.76509
8/11/2017,0.76785
9/11/2017,0.76796
10/11/2017,0.76686
11/11/2017,0.76686
12/11/2017,0.76686
13/11/2017,0.76403
14/11/2017,0.7646
15/11/2017,0.75985
16/11/2017,0.75908
17/11/2017,0.75454
18/11/2017,0.75454
19/11/2017,0.75454
20/11/2017,0.75558
21/11/2017,0.75766
22/11/2017,0.75785
23/11/2017,0.76281
24/11/2017,0.76208
25/11/2017,0.76208
26/11/2017,0.76208
27/11/2017,0.76341
28/11/2017,0.76112
29/11/2017,0.75683
30/11/2017,0.75669
1/12/2017,0.75734
2/12/2017,0.75734
3/12/2017,0.75734
4/12/2017,0.76131
5/12/2017,0.76373
6/12/2017,0.7592
7/12/2017,0.75156
8/12/2017,0.75173
9/12/2017,0.75173
10/12/2017,0.75173
11/12/2017,0.75258
12/12/2017,0.75709
13/12/2017,0.75701
14/12/2017,0.76657
15/12/2017,0.76752
16/12/2017,0.76752
17/12/2017,0.76752
18/12/2017,0.76631
19/12/2017,0.76743
20/12/2017,0.76781
21/12/2017,0.76752
22/12/2017,0.77178
23/12/2017,0.77178
24/12/2017,0.77178
25/12/2017,0.77178
26/12/2017,0.77178
27/12/2017,0.77664
28/12/2017,0.77847
29/12/2017,0.78151
30/12/2017,0.78151
31/12/2017,0.78151
1/01/2018,0.78151
2/01/2018,0.78278
3/01/2018,0.78382
4/01/2018,0.78354
5/01/2018,0.78413
6/01/2018,0.78413
7/01/2018,0.78413
8/01/2018,0.78311
9/01/2018,0.78284
10/01/2018,0.78435
11/01/2018,0.7864
12/01/2018,0.78725
13/01/2018,0.78725
14/01/2018,0.78725
15/01/2018,0.79545
16/01/2018,0.79524
17/01/2018,0.79685
18/01/2018,0.7991
19/01/2018,0.80088
20/01/2018,0.80088
21/01/2018,0.80088
22/01/2018,0.80061
23/01/2018,0.7972
24/01/2018,0.80679
25/01/2018,0.80785
26/01/2018,0.80858
27/01/2018,0.80858
28/01/2018,0.80858
29/01/2018,0.80898
30/01/2018,0.80945
31/01/2018,0.81116
1/02/2018,0.80035
2/02/2018,0.79923
3/02/2018,0.79923
4/02/2018,0.79923
5/02/2018,0.79418
6/02/2018,0.79418
7/02/2018,0.79418
8/02/2018,0.79418
9/02/2018,0.79418
10/02/2018,0.79418
11/02/2018,0.79418
12/02/2018,0.79418
13/02/2018,0.79418
14/02/2018,0.79418
15/02/2018,0.79418
16/02/2018,0.79418
17/02/2018,0.79418
18/02/2018,0.79418
19/02/2018,0.79418
20/02/2018,0.79418
21/02/2018,0.79418
22/02/2018,0.79418
23/02/2018,0.79418
24/02/2018,0.79418
25/02/2018,0.79418
26/02/2018,0.79418
27/02/2018,0.79418
28/02/2018,0.79418
1/03/2018,0.79418
